Hoofdonderwerp;Subonderwerp
Wiskunde;Algebra
Wiskunde;Meetkunde
Wiskunde;Calculus
Algebra;Lineaire vergelijkingen
Algebra;Kwadratische vergelijkingen
Algebra;ExponentiÃ«le functies
Algebra;Logaritmische functies
Meetkunde;Cirkels
Meetkunde;Driehoeken
Meetkunde;Veelhoeken
Meetkunde;Ruimtemeetkunde
Calculus;Differentiatie
Calculus;Integratie
Calculus;Limieten
Calculus;Toepassingen van calculus
Natuurkunde;Mechanica
Natuurkunde;Optica
Natuurkunde;Elektriciteit en Magnetisme
Natuurkunde;...
Biologie;Celbiologie
Biologie;Ecologie
Biologie;...
Geschiedenis;Oudheid
Geschiedenis;Moderne geschiedenis
Geschiedenis;...
Boeken per Klas en Vak;Klas 1
Boeken per Klas en Vak;Klas 2
Boeken per Klas en Vak;Klas 3
Boeken per Klas en Vak;Klas 4
Boeken per Klas en Vak;Klas 5
Boeken per Klas en Vak;Klas 6
Boeken per Klas en Vak;Klas 7
